{"cameraMode":{"drawMode":0,"name":"Shaded","section":"Shading Mode"},"sceneLighting":false,"audioPlay":false,"sceneViewState":{"showFog":true,"showMaterialUpdate":false,"showSkybox":true,"showFlares":true,"showImageEffects":true,"showParticleSystems":true},"in2DMode":false,"pivot":{"x":-1.702723741531372,"y":0.8519356846809387,"z":-27.255674362182618},"rotation":{"x":0.26290926337242129,"y":-0.6414248943328857,"z":0.24938592314720155,"w":0.6762097477912903},"size":190.1607666015625,"orthographic":false}